{"cameraMode":{"drawMode":0,"name":"Shaded","section":"Shading Mode"},"sceneLighting":true,"audioPlay":false,"sceneViewState":{"m_AlwaysRefresh":false,"showFog":true,"showSkybox":true,"showFlares":true,"showImageEffects":true,"showParticleSystems":true,"showVisualEffectGraphs":true,"m_FxEnabled":true},"in2DMode":false,"pivot":{"x":0.07507573813199997,"y":1.4079920053482056,"z":-0.23755162954330445},"rotation":{"x":0.012885145843029023,"y":-0.5799010992050171,"z":-0.009170563891530037,"w":-0.8145380616188049},"size":1.3381502628326417,"orthographic":false}