{"cameraMode":{"drawMode":0,"name":"Shaded","section":"Shading Mode"},"sceneLighting":true,"audioPlay":false,"sceneViewState":{"m_AlwaysRefresh":false,"showFog":true,"showSkybox":true,"showFlares":true,"showImageEffects":true,"showParticleSystems":true,"showVisualEffectGraphs":true,"m_FxEnabled":true},"in2DMode":false,"pivot":{"x":0.8253817558288574,"y":8.466325759887696,"z":-3.5722732543945314},"rotation":{"x":0.004040395841002464,"y":-0.9947577118873596,"z":0.09244568645954132,"w":0.043477319180965427},"size":42.35380172729492,"orthographic":false}